districts,vaccinated1,vaccinated2,confirmed,deceased,recovered,tested
Nicobars,25394,20313,0,0,0,0
North and Middle Andaman,78945,59522,0,0,0,0
South Andaman,189662,120322,0,0,0,0
Unknown,0,0,7651,129,7518,0
Anantapur,2690082,1611476,157843,1093,156699,787085
Chittoor,2832987,1807873,246935,1947,244144,780322
East Godavari,3532220,1990578,293836,1290,291610,944746
Foreign Evacuees,0,0,434,0,434,0
Guntur,3440118,1891773,178068,1237,176629,833823
Krishna,2971604,1914927,119348,1430,117130,782232
Kurnool,2672759,1290419,124142,853,123264,867361
Other State,0,0,2461,0,2461,0
Prakasam,2321031,1521177,138482,1124,136989,697340
S.P.S. Nellore,2143402,1403240,146388,1053,144919,682964
Srikakulam,1630248,974734,123109,786,122136,670899
Visakhapatnam,2999432,1864960,157737,1127,156492,744983
Vizianagaram,1393491,996097,82967,672,82231,531433
West Godavari,2525317,1778807,179077,1117,177680,793098
Y.S.R. Kadapa,1824032,1328711,115623,644,114904,671761
Anjaw,11695,7957,1068,3,1065,2845
Capital Complex,0,0,0,0,0,115210
Changlang,88857,55361,3807,22,3780,23861
East Kameng,22931,15646,1094,0,1094,7489
East Siang,54001,39434,3206,17,3183,21867
Kamle,6946,3874,512,0,512,1385
Kra Daadi,6275,3272,270,0,270,3218
Kurung Kumey,9121,5601,511,1,510,4201
Lepa Rada,13328,10176,874,3,871,6747
Lohit,31120,22003,2885,26,2851,14945
Longding,19259,7826,752,2,749,10342
Lower Dibang Valley,32639,22089,2426,11,2397,12169
Lower Siang,16565,9990,738,8,730,7070
Lower Subansiri,26916,18827,3036,15,3015,10564
Namsai,63539,47104,2124,17,2102,19987
Pakke Kessang,8004,4998,453,0,453,3327
Papum Pare,141168,100258,18316,98,18212,41960
Shi Yomi,6910,5663,262,0,261,2169
Siang,14408,9068,411,3,408,4270
Tawang,29553,23287,2577,20,2533,14224
Tirap,31565,21200,1109,5,1102,14657
Upper Dibang Valley,4156,2603,337,2,335,1910
Upper Siang,18594,13671,1016,1,1015,6564
Upper Subansiri,24842,16390,1958,6,1952,6217
West Kameng,55710,40321,3545,14,3518,28155
West Siang,33773,27867,1868,6,1856,13192
Baksa,553967,136574,0,0,0,0
Barpeta,1095048,448006,0,0,0,0
Biswanath,456088,213437,0,0,0,0
Bongaigaon,493242,183782,0,0,0,0
Cachar,1101266,402535,0,0,0,0
Charaideo,309125,111219,0,0,0,0
Chirang,288696,102397,0,0,0,0
Darrang,596783,183724,0,0,0,0
Dhemaji,431792,184251,0,0,0,0
Dhubri,945264,229696,0,0,0,0
Dibrugarh,914640,430800,0,0,0,301657
Dima Hasao,116318,62593,0,0,0,0
Goalpara,662016,195521,0,0,0,0
Golaghat,711564,306745,0,0,0,0
Hailakandi,422295,146888,0,0,0,0
Hojai,602504,274035,0,0,0,0
Jorhat,649267,297724,0,0,0,0
Kamrup,1079092,409628,0,0,0,0
Kamrup Metropolitan,1246239,875897,0,0,0,0
Karbi Anglong,284600,102798,0,0,0,0
Karimganj,681216,203575,0,0,0,0
Kokrajhar,538901,156488,0,0,0,0
Lakhimpur,681386,301369,0,0,0,0
Majuli,117599,82507,0,0,0,0
Morigaon,592446,212146,0,0,0,0
Nagaon,1203831,448081,0,0,0,0
Nalbari,483076,168392,0,0,0,0
Sivasagar,478954,223921,0,0,0,0
Sonitpur,767841,434213,0,0,0,0
South Salmara Mankachar,239906,76599,0,0,0,0
Tinsukia,795057,286170,0,0,0,0
Udalguri,504439,133919,0,0,0,24661
Unknown,0,0,610645,5997,600974,0
West Karbi Anglong,127612,42942,0,0,0,0
Araria,1177154,395227,14978,116,14859,219221
Arwal,345175,116424,7381,74,7307,101624
Aurangabad,1132482,407913,20011,75,19936,412007
Banka,935177,351254,7379,112,7267,364776
Begusarai,1430906,480982,27212,457,26754,213670
Bhagalpur,1494951,650332,25840,309,25531,582113
Bhojpur,1291186,382719,10210,159,10051,466438
Buxar,907374,322555,9248,182,9066,461428
Darbhanga,1869372,741553,10937,370,10567,448442
East Champaran,2498559,1002939,19017,430,18585,548132
Gaya,1925234,722746,33952,280,33672,872359
Gopalganj,1286763,481968,16685,94,16591,562654
Jamui,800488,222093,9418,106,9312,342005
Jehanabad,498448,184446,10783,109,10674,492255
Kaimur,801438,225437,4984,147,4837,442332
Katihar,1451838,403046,18145,94,18051,556438
Khagaria,775019,222012,10064,88,9976,148340
Kishanganj,757066,205274,10128,66,10057,294321
Lakhisarai,461970,138407,7776,102,7674,332434
Madhepura,965767,260408,12547,111,12435,455482
Madhubani,1974159,680214,18365,339,18023,715168
Munger,707588,264665,15111,158,14953,325212
Muzaffarpur,2253919,717015,31398,621,30777,722651
Nalanda,1393762,638181,23432,468,22964,591346
Nawada,1062349,274319,10353,178,10174,322514
Patna,3421614,2366474,147007,2334,144651,676238
Purnia,1603099,729224,24427,180,24247,568756
Rohtas,1498172,465660,13980,271,13707,521553
Saharsa,995618,366567,17616,134,17482,356327
Samastipur,1991102,555728,20020,155,19864,614569
Saran,1868014,736766,23278,255,23020,761473
Sheikhpura,287209,95322,7693,75,7618,142348
Sheohar,300967,108766,4404,36,4368,199431
Sitamarhi,1511464,424182,9185,127,9058,453227
Siwan,1670590,684755,15195,170,15025,536438
Supaul,1069993,369925,17222,129,17093,456511
Vaishali,1671469,478638,19827,192,19632,275884
West Champaran,1784016,469332,20890,358,20532,551778
Chandigarh,926035,546981,65351,820,64495,792851
Balod,537459,271570,27278,396,26880,2749
Baloda Bazar,617777,211945,43085,471,42611,3816
Balrampur,305554,112777,20302,118,20182,21481
Bametara,405388,132925,19963,236,19726,3113
Bastar,443759,178775,21066,188,20845,4522
Bijapur,103247,44245,8324,55,8263,1239
Bilaspur,1031494,525066,65681,1210,64448,9823
Dakshin Bastar Dantewada,158243,80855,10840,25,10809,1168
Dhamtari,509782,224591,27239,545,26690,1501
Durg,1012391,525445,96880,1798,95028,5020
Gariaband,293987,99137,19701,194,19506,2096
Gaurela Pendra Marwahi,189474,79788,12011,146,11864,273
Janjgir Champa,896087,317605,57636,838,56766,4016
Jashpur,435884,182747,27093,212,26867,2542
Kabeerdham,402362,173494,22771,267,22503,2829
Kondagaon,317695,100468,13139,99,13036,1607
Korba,650457,287588,54847,580,54228,10034
Koriya,375503,128177,26980,177,26798,2689
Mahasamund,738333,428365,31365,365,31000,2183
Mungeli,282508,109857,23921,167,23753,2922
Narayanpur,53032,19468,4019,14,4005,804
Other State,0,0,805,131,666,0
Raigarh,1074306,967326,62590,978,61597,5084
Raipur,1557999,915437,158035,3139,154852,12704
Rajnandgaon,1028876,530711,56077,515,55557,124947
Sukma,134654,81437,8066,20,8041,1723
Surajpur,419247,163526,29029,224,28805,1830
Surguja,468885,277031,33673,245,33426,103578
Uttar Bastar Kanker,405744,171484,23636,224,23407,2051
Delhi,13055636,7425404,1439870,25091,1414431,29427753
Dadra and Nagar Haveli,387772,183553,5920,3,5910,44813
Daman,234202,155547,3543,1,3516,19338
Diu,38779,31153,1218,0,1218,8259
North Goa,600586,424066,0,0,0,0
South Goa,661972,487016,0,0,0,0
Unknown,0,0,178108,3364,174392,0
Ahmedabad,5961594,3439921,238334,3411,234889,2556492
Amreli,927389,551970,10810,102,10708,212265
Anand,1471865,935893,9637,49,9581,171851
Aravalli,717964,522361,5186,78,5108,122182
Banaskantha,2140492,1157901,13631,162,13469,218527
Bharuch,1217587,669742,11426,118,11308,156057
Bhavnagar,1680398,986097,21447,301,21143,392834
Botad,378232,228691,2218,42,2176,98559
Chhota Udaipur,635695,420157,3395,38,3357,93838
Dahod,1499052,631818,9955,38,9917,218259
Dang,156334,59262,866,18,848,31921
Devbhumi Dwarka,504501,309771,4175,82,4093,80424
Gandhinagar,1175562,706208,20754,205,20549,292598
Gir Somnath,845224,363467,8570,67,8499,121948
Jamnagar,1111813,653950,34978,478,34494,307911
Junagadh,1316479,733025,20505,272,20226,199699
Kheda,1454344,893742,10439,48,10391,218140
Kutch,1412923,680232,12631,145,12474,267060
Mahisagar,815594,459520,8194,72,8122,122796
Mehsana,1405786,869969,24419,177,24242,229904
Morbi,674000,308840,6502,87,6415,157321
Narmada,413260,279684,5955,15,5940,76134
Navsari,948673,647484,7215,24,7181,129099
Other State,0,0,162,3,159,108
Panchmahal,1105110,626003,11770,70,11700,160981
Patan,850462,533438,11624,129,11495,169059
Porbandar,419364,256377,3486,19,3467,97912
Rajkot,2227111,1255012,57976,725,57243,731251
Sabarkantha,1000517,596705,9317,157,9159,182090
Surat,4781894,2529712,143874,1956,141885,1938229
Surendranagar,1113845,715931,8121,136,7985,201153
Tapi,527345,303297,4441,24,4417,92524
Vadodara,2612578,1940514,78159,788,77335,695670
Valsad,1232139,704675,6405,53,6308,155380
Bilaspur,323204,234916,14374,85,14120,39738
Chamba,364258,198146,13687,160,13492,53505
Hamirpur,377332,269143,17379,287,16741,46407
Kangra,1182563,725754,50818,1125,48872,94910
Kinnaur,79673,63209,3507,38,3465,6730
Kullu,351261,203549,9692,158,9496,12012
Lahaul and Spiti,31920,20986,2953,18,2935,540
Mandi,775242,479355,31606,448,30983,41895
Shimla,678341,412640,27549,641,26786,32922
Sirmaur,423793,209631,15456,211,15244,42564
Solan,691163,339630,22817,314,22472,57200
Una,434945,286819,14268,253,13804,52905
Ambala,873020,571772,30150,509,29639,206003
Bhiwani,741251,317765,22409,652,21757,176225
Charkhi Dadri,364599,262184,5078,139,4939,58525
Faridabad,1658940,840997,99902,716,99157,504970
Fatehabad,574546,201763,17875,481,17394,27456
Gurugram,2193114,1377160,181428,922,180454,742619
Hisar,994213,332162,53995,1136,52857,322039
Jhajjar,684511,293496,18849,328,18514,186853
Jind,704573,250859,21209,533,20675,11157
Kaithal,615168,217439,11244,346,10898,11687
Karnal,1000120,451876,40037,552,39484,185147
Kurukshetra,610380,248125,22147,357,21789,198881
Mahendragarh,576527,264911,21689,155,21534,143253
Nuh,354422,78081,5014,123,4890,93389
Palwal,608874,221786,11025,153,10872,139809
Panchkula,456675,279951,30770,378,30379,118725
Panipat,830805,273172,31150,638,30510,58863
Rewari,648724,294989,20327,221,20106,151363
Rohtak,674649,305282,25903,534,25350,25894
Sirsa,786205,278920,29282,508,28771,150193
Sonipat,989125,411915,47138,254,46884,238963
Yamunanagar,831598,340196,24631,414,24215,196131
Bokaro,994497,333330,19461,286,19170,11798
Chatra,454807,126700,6033,53,5977,0
Deoghar,569167,230458,10835,113,10721,6951
Dhanbad,1185934,446946,16589,382,16196,0
Dumka,638722,229944,4636,47,4589,5400
East Singhbhum,1424376,661091,51974,1046,50907,0
Garhwa,456056,148421,6895,94,6801,0
Giridih,994417,301193,8964,130,8834,11132
Godda,527710,198198,5840,87,5753,10980
Gumla,387738,156364,9900,38,9857,0
Hazaribagh,865943,317137,19593,186,19404,0
Jamtara,381155,137216,5599,61,5534,2880
Khunti,227503,107053,7820,96,7724,3852
Koderma,363078,140609,12872,136,12736,0
Latehar,294989,84919,7871,57,7814,0
Lohardaga,173109,63130,6709,88,6621,7526
Pakur,378048,108941,2552,12,2539,6429
Palamu,788026,311074,12294,110,12184,0
Ramgarh,522017,185442,13923,197,13714,0
Ranchi,1512114,656001,86116,1585,84495,0
Sahibganj,430948,132560,4834,42,4792,5029
Saraikela-Kharsawan,505417,167980,7207,67,7137,161796
Simdega,277357,112059,7193,92,7101,0
West Singhbhum,630437,225607,13054,133,12918,0
Anantnag,759605,402717,16603,205,16378,0
Bandipora,303665,154345,9814,102,9693,0
Baramulla,776258,450002,24613,282,24196,0
Budgam,592075,319587,23844,207,23548,0
Doda,313983,158751,7869,133,7704,0
Ganderbal,227349,133812,10436,79,10313,0
Jammu,1168448,610537,53324,1145,52145,0
Kathua,482584,249588,9327,152,9175,0
Kishtwar,164754,78041,4819,44,4773,0
Kulgam,401091,202260,11489,117,11367,0
Kupwara,673594,348327,14463,166,14268,0
Pulwama,430622,244300,15512,194,15309,139552
Punch,386098,234540,6482,98,6371,0
Rajouri,498787,241407,11272,237,11031,0
Ramban,220690,147086,6043,67,5971,0
Reasi,244379,133971,6626,43,6575,0
Samba,280700,122554,7152,120,7032,0
Shopiyan,203036,95122,5607,58,5549,0
Srinagar,957347,592016,75539,846,74242,0
Udhampur,425945,227785,11415,137,11275,0
Bagalkote,1188016,613422,35178,333,34843,49851
Ballari,1758198,864065,97763,1689,95961,402407
Belagavi,3165252,1386668,79900,938,78879,396565
Bengaluru Rural,700825,385704,62005,890,61073,240277
Bengaluru Urban,9219875,5903791,1251872,16281,1229059,6883888
Bidar,929776,515993,24340,400,23936,67689
Chamarajanagara,647951,351940,33001,500,32469,5156
Chikkaballapura,852473,497674,43951,429,43501,15089
Chikkamagaluru,737417,346002,51126,395,50662,5467
Chitradurga,1020280,618156,36666,206,36412,4393
Dakshina Kannada,1531107,848253,115478,1680,113515,131281
Davanagere,1016827,495371,50989,608,50359,17483
Dharwad,1212295,561504,60970,1315,59639,137696
Gadag,691646,328477,26066,319,25747,8904
Hassan,1224599,614828,111785,1256,110294,10800
Haveri,999178,383705,21947,644,21301,11714
Kalaburagi,1323039,641641,61926,819,61087,409596
Kodagu,385482,212033,37095,329,36616,143982
Kolar,991957,625918,46916,638,46266,91924
Koppal,814373,411092,35198,521,34660,8708
Mandya,1189318,659066,73753,650,73029,14874
Mysuru,2141764,1239770,179167,2416,176447,107338
Other State,0,0,36,3,33,0
Raichur,1021603,448501,39973,331,39641,21011
Ramanagara,754463,469335,24204,320,23869,103399
Shivamogga,1162073,535447,69444,1088,68239,48760
Tumakuru,1672730,881580,120836,1127,119420,106564
Udupi,919074,529427,76718,489,76181,86092
Uttara Kannada,980496,505589,56218,766,55339,13833
Vijayapura,1535235,634270,36267,495,35764,25108
Yadgir,708887,348094,27545,207,27337,221485
Alappuzha,1518055,855411,316160,1862,313515,0
Ernakulam,2953482,1759232,602800,3555,583842,0
Idukki,859116,481911,147118,519,140292,237691
Kannur,1891004,959656,275264,2325,269475,392136
Kasaragod,910194,521754,138815,617,134824,0
Kollam,1951077,1047951,390872,2451,383923,0
Kottayam,1477425,841596,322484,1356,315759,0
Kozhikode,2341296,1154561,527346,3374,519030,955060
Malappuram,2833303,1103557,567584,2576,562111,469850
Palakkad,1989222,950909,373839,2881,364351,226562
Pathanamthitta,1048352,677224,193406,1076,184979,306034
Thiruvananthapuram,2578575,1562343,463977,4996,448304,436661
Thrissur,2295947,1305873,523260,3575,515481,639055
Wayanad,659451,436359,125732,518,121295,211953
Kargil,87221,64300,3619,58,3556,37471
Leh,121577,87980,17343,150,17131,72597
Ahmednagar,2468837,881402,339457,7043,330122,11077
Akola,760099,357931,58764,1425,57318,0
Amravati,1241168,548807,96231,1594,94618,0
Aurangabad,1772420,723304,155331,4251,150615,11800
Beed,1145382,485615,103749,2806,100803,111488
Bhandara,825867,421585,60080,1123,58945,54195
Buldhana,1136679,512944,85520,797,84710,115874
Chandrapur,1335017,458690,88968,1560,87387,199809
Dhule,1007007,476051,46172,654,45501,90092
Gadchiroli,540319,231208,30440,669,29735,11993
Gondia,888961,469980,40519,569,39941,130146
Hingoli,537442,201000,18475,506,17949,6797
Jalgaon,2085101,699544,139934,2714,137178,429198
Jalna,1081253,413822,60615,1209,59382,117047
Kolhapur,2536731,1043329,206671,5847,200699,0
Latur,1182476,507616,92133,2437,89608,0
Mumbai,9115615,5564204,756749,16247,733318,2789713
Nagpur,3006439,1460890,493607,9128,484334,382083
Nanded,1560558,560812,90409,2658,87721,117319
Nandurbar,723850,342054,40006,948,39054,37740
Nashik,3471046,1299122,410681,8679,401418,498397
Osmanabad,803192,308210,67828,1963,65577,109450
Other State,0,0,144,111,31,0
Palghar,1869199,678741,138013,3282,134309,319724
Parbhani,905874,378183,52362,1233,51078,110937
Pune,7843130,4264808,1154776,19594,1131401,97127
Raigad,1859507,774913,195958,4551,190759,304088
Ratnagiri,920151,388703,78950,2478,76292,0
Sangli,1810980,802877,209771,5613,203673,0
Satara,1963730,865197,250414,6428,243482,312742
Sindhudurg,524896,279051,52783,1434,50987,0
Solapur,2242339,690069,210466,5551,204364,629266
Thane,5484839,2751182,610128,11462,597141,1229625
Wardha,755863,314899,57344,1217,55956,52365
Washim,579042,321710,41663,637,41020,0
Yavatmal,1211321,496306,75967,1798,74159,141551
East Garo Hills,47655,20648,1867,13,1844,0
East Jaintia Hills,64432,33259,2430,31,2395,0
East Khasi Hills,318381,225526,41025,987,39754,0
North Garo Hills,62675,28288,1685,8,1674,0
Ribhoi,92049,48460,9697,89,9584,0
South Garo Hills,40103,18937,1216,12,1203,0
South West Garo Hills,73397,39210,1872,17,1852,0
South West Khasi Hills,33372,17117,2548,17,2525,0
West Garo Hills,209662,119725,9027,72,8943,0
West Jaintia Hills,84529,47646,6803,133,6642,0
West Khasi Hills,77018,43000,5457,71,5330,0
Bishnupur,128902,64791,0,0,0,0
Chandel,26634,15197,0,0,0,0
Churachandpur,104247,62208,0,0,0,13542
Imphal East,251626,148953,0,0,0,0
Imphal West,308782,199404,0,0,0,0
Jiribam,27911,17262,0,0,0,0
Kakching,84702,49653,0,0,0,0
Kamjong,10502,5370,0,0,0,0
Kangpokpi,39027,19015,0,0,0,0
Noney,16798,9819,0,0,0,0
Pherzawl,12417,9888,0,0,0,0
Senapati,28247,18288,0,0,0,0
Tamenglong,19931,10361,0,0,0,0
Tengnoupal,26209,12163,0,0,0,0
Thoubal,141308,62279,0,0,0,0
Ukhrul,22193,14759,0,0,0,0
Unknown,0,0,123731,1921,121102,0
Agar Malwa,424846,128822,3303,68,3235,0
Alirajpur,369571,114601,3505,48,3453,0
Anuppur,481238,164712,9238,89,9140,3424
Ashoknagar,550087,186066,3670,57,3613,55792
Balaghat,1278183,549643,9100,64,9017,9654
Barwani,788872,225336,8366,90,8267,41588
Betul,1042931,343674,12905,277,12590,68036
Bhind,1034374,351065,2995,32,2960,44395
Bhopal,2012966,1168682,123552,972,122121,245166
Burhanpur,493618,220909,2568,39,2529,13040
Chhatarpur,1093616,336309,7609,91,7506,50518
Chhindwara,1624355,591843,6734,120,6612,79090
Damoh,844557,326505,8120,186,7841,16564
Datia,560238,296233,6959,78,6874,40322
Dewas,1005266,477219,7723,51,7672,96155
Dhar,1371226,536214,12572,130,12388,62597
Dindori,481366,186341,4623,29,4588,3557
Guna,821399,284155,5132,44,5085,40229
Gwalior,1452149,730150,53106,633,52427,206696
Harda,394641,159293,5055,96,4954,36708
Hoshangabad,865566,369945,10688,99,10570,46294
Indore,2951024,1728945,153230,1391,151410,780266
Jabalpur,1957070,1099359,50779,670,49896,293923
Jhabua,607542,185320,7691,64,7619,52146
Katni,865274,306259,9366,120,9242,56828
Khandwa,862885,310248,4044,94,3946,17090
Khargone,1147444,411114,13970,239,13716,38413
Mandla,684882,246724,5188,25,5159,0
Mandsaur,948065,330902,8637,84,8552,52733
Morena,1295658,582833,8236,95,8135,90967
Narsinghpur,803225,318284,11209,81,11115,90600
Neemuch,579489,229183,7926,84,7828,57292
Niwari,0,0,3715,48,3654,22574
Panna,600823,168120,7331,63,7250,0
Raigarh,0,0,1,0,0,0
Raisen,885585,333022,9238,194,9030,44343
Rajgarh,1025584,450099,8729,172,8490,46604
Ratlam,1026416,457972,17860,385,17438,51736
Rewa,1639826,674779,16433,155,16270,22690
Sagar,1563245,760746,16622,390,16154,64801
Satna,1532585,481540,11965,133,11829,28159
Sehore,909045,396375,10136,73,10057,45061
Seoni,945564,341871,6775,28,6739,15024
Shahdol,723227,337272,10085,118,9958,18177
Shajapur,620316,278912,6349,74,6273,56805
Sheopur,413195,140296,4000,78,3919,31449
Shivpuri,1109976,391707,12398,125,12261,47270
Sidhi,679862,226632,9219,87,9132,4660
Singrauli,740335,224966,8801,82,8706,0
Tikamgarh,919592,293885,6863,114,6742,43011
Ujjain,1452247,836514,18903,172,18720,31631
Umaria,455492,196492,6294,63,6224,54811
Unknown,0,0,1416,1493,1632,0
Vidisha,975291,349024,11922,237,11677,65935
Aizawl,315706,239593,75111,300,71337,0
Champhai,74122,55251,5188,11,4745,0
Hnahthial,0,0,1020,3,857,0
Khawzawl,0,0,733,0,688,0
Kolasib,50525,33101,7721,30,7561,0
Lawngtlai,55877,25870,6740,23,6553,0
Lunglei,95129,73298,9842,27,9053,0
Mamit,43678,28873,4854,12,4448,0
Saiha,34626,19984,5469,14,5304,0
Saitual,0,0,471,2,420,0
Serchhip,41932,36047,4210,10,3646,0
Dimapur,268405,175502,14684,421,13471,47020
Kiphire,13017,8141,258,9,246,1002
Kohima,105758,82602,9461,123,9095,33986
Longleng,20577,15446,307,2,286,1193
Mokokchung,69198,54730,2333,54,2186,3976
Mon,70054,48331,1159,14,1124,12278
Peren,19956,12514,920,6,897,5717
Phek,31241,20746,601,18,568,2779
Tuensang,38130,26725,1094,12,1077,4887
Wokha,35138,23577,402,11,361,1390
Zunheboto,38077,22337,623,15,593,2131
Angul,786278,291800,43920,393,43506,172873
Balangir,960786,299153,23397,126,23257,87867
Balasore,1351099,534318,40787,299,40389,9843
Bargarh,829092,283966,31126,335,30762,0
Bhadrak,1026493,367945,26480,150,26260,258173
Boudh,259325,92297,12634,112,12488,496
Cuttack,1434524,702278,94631,857,93404,5720
Deogarh,223405,63727,6553,50,6460,682
Dhenkanal,738406,282859,19871,243,19598,179477
Gajapati,288963,115535,9657,84,9555,715
Ganjam,2214981,1698328,33849,485,33342,750442
Jagatsinghpur,677675,272499,27920,316,27510,46648
Jajpur,1087735,383313,43735,172,43461,53956
Jharsuguda,399523,189682,23863,176,23673,1663
Kalahandi,921185,304778,24314,210,24082,1458
Kandhamal,384009,150737,11537,83,11453,1516
Kendrapara,916169,347854,24860,252,24545,382732
Kendujhar,1087285,376311,20980,175,20798,474504
Khordha,2063646,1502538,175335,1552,171938,0
Koraput,860773,399063,19137,78,19044,1401
Malkangiri,391790,137925,11667,49,11613,1841
Mayurbhanj,1222153,413698,40844,286,40416,3307
Nabarangapur,675601,188457,23549,86,23461,162154
Nayagarh,593612,222606,23505,212,23261,1104
Nuapada,402248,129685,22924,84,22803,310
Puri,1078666,523160,45431,459,44903,173340
Rayagada,549767,184420,20224,167,19981,578
Sambalpur,768989,418110,31651,240,31315,2007
State Pool,0,0,32048,0,31587,0
Subarnapur,418336,192102,13187,61,13115,0
Sundargarh,1122762,490428,61841,594,61167,0
Amritsar,1263073,446487,47379,1598,45757,89227
Barnala,328464,104197,5950,244,5696,63447
Bathinda,623604,202311,41728,1042,40668,118489
Faridkot,330654,128653,13927,315,13602,23635
Fatehgarh Sahib,354921,135247,8876,335,8538,68436
Fazilka,490080,131519,20271,528,19729,63589
Ferozepur,476343,128043,14347,504,13832,74880
Gurdaspur,862133,415351,22381,801,21576,249039
Hoshiarpur,1000636,574716,30822,986,29828,221261
Jalandhar,1433553,681370,63396,1496,61864,443735
Kapurthala,465285,187476,17852,556,17294,38658
Ludhiana,2473646,943401,87608,2106,85484,514691
Mansa,372366,89830,15606,380,15226,26878
Moga,541556,178908,8675,233,8440,77307
Pathankot,424889,196822,18814,419,18373,29112
Patiala,1051467,396473,48927,1358,47561,273344
Rupnagar,384637,182919,12963,423,12517,97745
S.A.S. Nagar,872096,402212,68821,1068,67726,41532
Sangrur,730511,218820,15762,875,14884,166332
Shahid Bhagat Singh Nagar,392113,172294,11469,388,11080,77715
Sri Muktsar Sahib,473193,142901,18784,524,18257,67979
Tarn Taran,597303,178839,8043,380,7659,111446
Karaikal,111152,57491,16488,250,16150,73142
Mahe,34018,25943,5867,47,5744,42415
Puducherry,558708,305464,98885,1453,97171,425639
Yanam,30079,15489,6773,107,6661,26727
Ajmer,1752308,1042482,37769,410,37352,261215
Alwar,2237787,1029095,59694,307,59387,291879
BSF Camp,0,0,85,0,85,0
Banswara,1024293,525793,10005,104,9901,48781
Baran,763006,297741,11996,61,11934,46168
Barmer,1455732,621465,15563,185,15377,113868
Bharatpur,1351114,590401,19601,260,19341,201441
Bhilwara,1525323,723691,29781,156,29625,148764
Bikaner,1461174,714590,40339,545,39792,278302
Bundi,709316,362835,7967,48,7919,58167
Chittorgarh,978713,482350,19809,139,19670,116002
Churu,1301558,582443,16720,107,16613,131700
Dausa,941513,395584,13351,62,13289,61680
Dholpur,660103,279501,11010,48,10962,121308
Dungarpur,737200,349762,18407,131,18276,121917
Evacuees,0,0,61,0,61,0
Ganganagar,1278952,525137,19354,150,19203,80706
Hanumangarh,1230511,588688,16053,111,15942,82542
Italians,0,0,2,0,2,0
Jaipur,4582410,2189042,187804,1970,185816,968783
Jaisalmer,416014,194163,13639,66,13573,80082
Jalore,987519,393953,10067,72,9995,184172
Jhalawar,922646,363082,13612,187,13425,97163
Jhunjhunu,1449967,787196,14811,158,14653,123433
Jodhpur,2263325,1036743,112412,1103,111308,600959
Karauli,813922,395700,7156,70,7086,64481
Kota,1269245,655588,57053,449,56603,355509
Nagaur,2077555,1016874,17737,177,17560,229822
Other State,0,0,189,39,150,0
Pali,1200554,513058,27324,287,27037,179463
Pratapgarh,655140,345189,7143,63,7080,52208
Rajsamand,691497,299553,17044,169,16875,91975
Sawai Madhopur,756544,347992,10618,61,10557,84683
Sikar,1838263,821713,30618,335,30283,165042
Sirohi,610090,348789,13732,79,13653,84616
Tonk,884688,419023,9498,92,9406,74225
Udaipur,1715072,854773,56405,753,55652,251522
East Sikkim,263526,229361,0,0,0,0
North Sikkim,33137,27820,0,0,0,0
South Sikkim,121481,105432,0,0,0,0
Unknown,0,0,31979,396,31063,0
West Sikkim,103619,88896,0,0,0,0
Adilabad,376263,89337,0,0,0,0
Bhadradri Kothagudem,599183,204318,0,0,0,0
Hyderabad,3150245,1893217,0,0,0,0
Jagtial,580926,190526,0,0,0,0
Jangaon,327527,128207,0,0,0,0
Jayashankar Bhupalapally,262313,127108,0,0,0,0
Jogulamba Gadwal,306919,59886,0,0,0,0
Kamareddy,557684,183176,0,0,0,0
Karimnagar,657167,384862,0,0,0,0
Khammam,856707,333812,0,0,0,0
Komaram Bheem,275644,51593,0,0,0,0
Mahabubabad,468199,172007,0,0,0,0
Mahabubnagar,482547,150640,0,0,0,0
Mancherial,480069,170258,0,0,0,0
Medak,458648,140778,0,0,0,0
Medchal Malkajgiri,2149958,1317832,0,0,0,0
Mulugu,186104,76648,0,0,0,0
Nagarkurnool,464888,106589,0,0,0,0
Nalgonda,891308,254218,0,0,0,0
Narayanpet,288388,50219,0,0,0,0
Nirmal,378315,130107,0,0,0,0
Nizamabad,858574,250862,0,0,0,0
Peddapalli,463510,201940,0,0,0,0
Rajanna Sircilla,372065,144680,0,0,0,0
Ranga Reddy,2348542,1291404,0,0,0,0
Sangareddy,851395,299316,0,0,0,0
Siddipet,582450,242462,0,0,0,0
Suryapet,610724,208278,0,0,0,0
Unknown,0,0,671463,3956,663498,0
Vikarabad,427669,87989,0,0,0,0
Wanaparthy,289412,81870,0,0,0,0
Warangal Rural,342881,105289,0,0,0,0
Warangal Urban,687410,418947,0,0,0,0
Yadadri Bhuvanagiri,463854,223506,0,0,0,0
Airport Quarantine,0,0,2113,2,2107,0
Ariyalur,475390,157166,16854,261,16548,18285
Chengalpattu,1337641,604784,171777,2506,168327,51771
Chennai,4532809,2671294,554672,8546,544701,2667777
Coimbatore,2717202,1205484,246780,2416,243070,102107
Cuddalore,1529591,646400,64085,867,62997,36434
Dharmapuri,770955,279901,28425,274,27957,163803
Dindigul,1236504,493453,33099,645,32348,27800
Erode,1370925,552624,104303,686,102836,66240
Kallakurichi,696213,299822,31364,210,31056,28314
Kancheepuram,663206,250181,74970,1258,73386,37505
Kanyakumari,1100888,450620,62362,1048,61112,79600
Karur,626136,289120,24091,356,23523,17190
Krishnagiri,1040491,407695,43570,348,43036,14284
Madurai,1500331,583138,75215,1172,73853,97279
Mayiladuthurai,0,0,23280,316,22878,0
Nagapattinam,813495,289588,21074,346,20561,20984
Namakkal,987830,397079,52245,498,51253,24758
Nilgiris,501986,343811,33566,212,33164,45839
Perambalur,326872,136491,12067,243,11790,7981
Pudukkottai,827320,314780,30183,416,29627,20835
Railway Quarantine,0,0,428,0,428,0
Ramanathapuram,660673,280037,20564,357,20158,23389
Ranipet,557267,174051,43436,775,42557,20118
Salem,1925084,791376,99893,1685,97619,79660
Sivaganga,726010,287468,20195,206,19854,25824
Tenkasi,736882,233177,27357,484,26834,26338
Thanjavur,1224986,486660,75352,972,73874,67445
Theni,660187,304832,43571,521,43018,45839
Thiruvallur,1425728,563426,119370,1842,117138,67948
Thiruvarur,630274,246969,41461,442,40760,67445
Thoothukkudi,984706,328797,56304,409,55757,49288
Tiruchirappalli,1468456,636356,77534,1059,76038,92586
Tirunelveli,815687,275985,49374,432,48812,54208
Tirupathur,541496,205219,29301,625,28600,23998
Tiruppur,1671392,611015,95405,979,93683,36301
Tiruvannamalai,1270049,533376,54968,667,54122,76170
Vellore,763735,336366,49864,1131,48564,47936
Viluppuram,1085842,444502,45857,356,45382,52064
Virudhunagar,1072788,505098,46294,548,45687,28620
Dhalai,258334,164654,7037,35,7000,61582
Gomati,279099,161408,8134,74,8043,47437
Khowai,202148,111955,4559,54,4500,24046
North Tripura,283802,190594,7250,34,7199,100931
Sipahijala,330932,211903,6360,75,6273,53067
South Tripura,303987,209259,10168,53,10104,83030
Unokoti,173390,101178,8609,68,8530,34930
West Tripura,676784,470030,32351,420,31817,202939
Agra,2172907,746386,25765,457,25308,491361
Aligarh,1589498,498586,21280,108,21172,482825
Ambedkar Nagar,1135268,349925,5040,152,4885,123151
Amethi,1015454,375261,9972,143,9828,267014
Amroha,871164,265607,16616,203,16412,254038
Auraiya,614711,180775,10090,203,9887,107079
Ayodhya,1270889,418182,16919,290,16629,376735
Azamgarh,2165409,643824,17906,228,17675,12474
Baghpat,692255,337171,9132,141,8991,327192
Bahraich,1752196,642554,11549,178,11371,308225
Ballia,1433455,388341,21610,234,21376,267420
Balrampur,995084,438892,7494,138,7354,276237
Banda,795903,236840,10992,158,10832,303185
Barabanki,1589704,448292,19850,225,19624,147422
Bareilly,2221830,749751,44028,377,43650,465209
Basti,1189235,399451,11717,330,11385,296570
Bhadohi,793094,244431,7720,163,7557,119023
Bijnor,1756682,600482,14794,126,14668,312985
Budaun,1408673,364360,14941,98,14843,224207
Bulandshahr,1647985,646236,20215,243,19972,269090
Chandauli,939599,238646,16208,356,15852,211249
Chitrakoot,447303,129157,7110,79,7031,234060
Deoria,1597034,537293,20223,220,20003,304520
Etah,788675,213371,9968,99,9868,263295
Etawah,708258,253661,13933,293,13640,297761
Farrukhabad,833824,229745,10348,194,10153,231856
Fatehpur,1246314,410120,6814,139,6674,82928
Firozabad,1005224,328351,8720,135,8585,322656
Gautam Buddha Nagar,1799728,974353,63353,467,62876,675396
Ghaziabad,2247039,1071908,55673,461,55207,712611
Ghazipur,1690195,509886,21641,282,21359,265737
Gonda,1604382,555773,12282,266,12016,241234
Gorakhpur,2347051,889085,59439,848,58588,480536
Hamirpur,561456,185949,5232,102,5130,240382
Hapur,658863,254519,12638,217,12421,299725
Hardoi,1852490,537647,13755,349,13406,224784
Hathras,701190,234481,2920,43,2877,260525
Jalaun,819651,251406,11687,202,11482,221719
Jaunpur,2189622,667013,22584,235,22349,322824
Jhansi,1132511,379818,36556,663,35892,312540
Kannauj,755119,257048,9231,114,9115,124019
Kanpur Dehat,923661,290898,6197,110,6087,344697
Kanpur Nagar,2251558,859280,82933,1905,81024,685820
Kasganj,608818,147948,4250,53,4197,271969
Kaushambi,760960,218775,4424,70,4353,207064
Kushinagar,1632782,458054,15617,228,15389,314772
Lakhimpur Kheri,1829019,382178,24410,292,24117,368533
Lalitpur,627553,143519,12742,128,12613,21781
Lucknow,3106658,1488333,238839,2651,236165,1237583
Maharajganj,1283534,372559,12440,140,12300,334716
Mahoba,444352,148388,4268,86,4182,142992
Mainpuri,860461,219990,10028,182,9846,228496
Mathura,1207578,418117,20297,402,19893,198379
Mau,1017497,307052,8333,80,8252,281445
Meerut,1764744,842448,69480,898,68567,798404
Mirzapur,1335308,462157,11088,116,10972,312764
Moradabad,1390249,443211,39102,349,38752,400459
Muzaffarnagar,1264005,467387,31009,269,30737,161704
Pilibhit,978332,256931,11032,193,10838,291538
Pratapgarh,1480021,456869,16038,163,15875,100500
Prayagraj,2731341,862244,78699,1088,77609,729300
Rae Bareli,1436175,344694,17104,343,16761,387408
Rampur,989666,250420,11826,148,11676,274288
Saharanpur,1638111,576986,32730,420,32309,266387
Sambhal,893786,204352,9438,106,9331,309333
Sant Kabir Nagar,799506,195105,8159,98,8061,292606
Shahjahanpur,1743273,538827,20361,444,19916,437195
Shamli,604968,206438,12976,45,12931,246597
Shrawasti,515155,181654,4388,35,4353,221566
Siddharthnagar,1225133,479630,9373,100,9273,295047
Sitapur,2139996,497241,12398,185,12211,289473
Sonbhadra,812891,236871,16807,251,16556,306175
Sultanpur,1178195,370998,14915,138,14777,309395
Unnao,1554190,420513,15011,254,14757,298886
Varanasi,2109381,843905,85501,971,84528,595510
Almora,378242,215715,12190,196,11378,84443
Bageshwar,183447,131244,5764,60,5678,55626
Chamoli,273850,191420,12242,62,11972,90390
Champawat,183354,119870,7603,53,7358,95068
Dehradun,1465464,793803,112363,3521,108137,401496
Haridwar,1456257,635360,51498,1019,49096,369542
Nainital,722854,398680,39232,944,38140,204422
Pauri Garhwal,431320,229262,17686,315,16668,138878
Pithoragarh,318644,183765,10260,181,9962,72686
Rudraprayag,170911,113480,8800,106,8535,52378
Tehri Garhwal,381493,206527,15835,108,14827,105111
Udham Singh Nagar,1277738,518326,37875,761,36315,337292
Uttarkashi,234425,160687,12548,74,12129,120026
Alipurduar,949775,353666,15589,102,15441,0
Bankura,2245147,706177,36313,274,35839,0
Birbhum,2152966,846286,41197,286,40727,0
Cooch Behar,1444232,421663,29275,97,29060,0
Dakshin Dinajpur,1063493,363056,17889,170,17573,0
Darjeeling,1324555,664306,57143,539,56326,0
Hooghly,3368156,1343978,86300,990,84650,0
Howrah,2905925,1254076,98757,1524,96567,0
Jalpaiguri,1144138,410719,41982,572,41256,0
Jhargram,714456,211586,12135,27,12063,0
Kalimpong,180713,124420,7036,54,6950,0
Kolkata,4784084,3039486,322541,5152,315146,0
Malda,2029144,590497,33406,186,33121,0
Murshidabad,3952659,976111,33993,328,33605,0
Nadia,2798942,884320,73333,859,72054,0
North 24 Parganas,6547702,2720315,329257,4833,323097,0
Other State,0,0,66,3,63,0
Paschim Bardhaman,1789611,677747,57778,356,57184,0
Paschim Medinipur,2758576,877978,53581,507,52820,0
Purba Bardhaman,2596246,859528,42005,198,41588,0
Purba Medinipur,3560589,1471674,63098,397,62549,0
Purulia,1679941,492310,19419,113,19283,0
South 24 Parganas,4850898,1832073,100957,1336,98950,0
Uttar Dinajpur,1341457,436182,19858,238,19559,0
